"","subject","activity","Mean.of.the.body.acceleration.magnitude.Time.Domain.","Mean.of.the.gravity.acceleration.magnitude.Time.Domain.","Mean.of.the.body.acceleration.magnitude.when.it.jerks.Time.Domain.","Mean.of.the.body.angular.speed.magnitude.Time.Domain.","Mean.of.the.body.angular.speed.magnitude.when.it.jerks.Time.Domain.","Mean.of.the.body.acceleration.magnitude..Frequency.Domain.","Mean.of.the.body.acceleration.magnitude.when.it.jerks.Frequency.Domain.","Mean.of.the.body.angular.speed.magnitude.Frequency.Domain.","Mean.of.the.body.angular.speed.magnitude.when.it.jerks.Frequency.Domain.","Standard.deviation.of.the.body.acceleration.magnitude.Time.Domain.","Standard.deviation.of.the.gravity.acceleration.magnitude.Time.Domain.","Standard.deviation.of.the.body.acceleration.magnitude.when.it.jerks.Time.Domain.","Standard.deviation.of.the.body.angular.speed.magnitude.Time.Domain.","Standard.deviation.of.the.body.angular.speed.magnitude.when.it.jerks.Time.Domain.","Standard.deviation.of.the.body.acceleration.magnitude.Frequency.Domain.","Standard.deviation.of.the.body.acceleration.magnitude.when.it.jerks.Frequency.Domain.","Standard.deviation.of.the.body.angular.speed.magnitude.Time.Domain..1","Standard.deviation.of.the.body.angular.speed.magnitude.when.it.jerks.Time.Domain..1"
"1","1","LAYING",0.5848976723,0.75773578404,-0.842018280168,-0.9835018098,-0.948096523348,0.002393975758,-0.0093252039692,-0.24888179828,0.4458177198,0.5848976723,0.75773578404,-0.842018280168,-0.9835018098,-0.948096523348,-0.0323307491374,0.14656522416,0.17603638864,-0.104318251058
"2","1","SITTING",0.682775776170213,0.822189592553191,-0.945740773404255,-0.997501779361702,-0.989863580425532,-0.0227195913574468,-0.201194422908511,0.831509933404255,0.332043702765957,0.682775776170213,0.822189592553191,-0.945740773404255,-0.997501779361702,-0.989863580425532,0.0410396568,-0.00412059408510638,0.1686773395,-0.129112633042553
"3","1","STANDING",0.684994965849057,0.837719699245283,-0.984382640377358,-0.999946745660377,-0.999302946415094,-0.10391130370566,-0.00543277440754717,0.942952000377358,0.0134905823226415,0.684994965849057,0.837719699245283,-0.984382640377358,-0.999946745660377,-0.999302946415094,0.113641825830189,0.0807014957641509,0.185333378811321,-0.1383467407
"4","1","WALKING",-0.0212204448494737,0.437405228105263,-0.125750238755789,-0.73948375368421,-0.758210962947368,-0.275173843664105,-0.191228477152632,0.935223201473684,-0.068102864,-0.0212204448494737,0.437405228105263,-0.125750238755789,-0.73948375368421,-0.758210962947368,-0.149185121450526,0.0799407763368421,-0.167359936813684,0.174964719959684
"5","1","WALKING_DOWNSTAIRS",-0.0437259707591837,0.304574350938775,0.00799898705102041,-0.463124815306122,-0.81285224755102,-0.291398957528571,-0.225544974216327,0.931874418979592,-0.0621199585938775,-0.0437259707591837,0.304574350938775,0.00799898705102041,-0.463124815306122,-0.81285224755102,-0.310025981922449,0.276300963816327,-0.121436208734694,0.155332861145102
"6","1","WALKING_UPSTAIRS",0.143961002516981,0.441553928867925,-0.0968125932377358,-0.788475894528302,-0.804660188867925,0.0137816554962264,-0.17700807654717,0.89335109754717,-0.075402939754717,0.143961002516981,0.441553928867925,-0.0968125932377358,-0.788475894528302,-0.804660188867925,-0.23977634310566,0.134340677858491,-0.327397149962264,0.226589616607547
"7","2","LAYING",0.683942196458333,0.838955082083333,-0.977681890625,-0.998712742291667,-0.999637563333333,-0.124408564166667,-0.199788468904167,-0.509754238125,0.646834879583333,0.683942196458333,0.838955082083333,-0.977681890625,-0.998712742291667,-0.999637563333333,-0.0110161439029167,0.075290978403125,0.298941607291667,-0.171373589208333
"8","2","SITTING",0.674028159782609,0.826309457391304,-0.966980349782609,-0.999241644565217,-0.996521418913043,-0.0397869970869565,-0.268153719565217,0.940477273043478,0.19872676876087,0.674028159782609,0.826309457391304,-0.966980349782609,-0.999241644565217,-0.996521418913043,0.0820047986478261,0.114170112521739,0.176580528906522,-0.12420554726087
"9","2","STANDING",0.673386829814815,0.828659836666667,-0.965375535555556,-0.999705046666667,-0.998935624814815,-0.138534155481481,0.0665274675074074,0.896928566851852,0.129747161222222,0.673386829814815,0.828659836666667,-0.965375535555556,-0.999705046666667,-0.998935624814815,0.0368231465462963,0.0376910751222222,0.0669120089112963,-0.0573481512425926
"10","2","WALKING",0.051569523229661,0.527792218813559,-0.289223664576271,-0.830698671186441,-0.83328023440678,-0.112078514561017,-0.0251069135101695,0.91301733338983,0.0847270871186441,0.051569523229661,0.527792218813559,-0.289223664576271,-0.830698671186441,-0.83328023440678,-0.210438884196949,0.105832245038983,-0.170066954830508,0.28822188661017
"11","2","WALKING_DOWNSTAIRS",-0.15310112323617,0.165005244710638,0.106830196085106,-0.442842739148936,-0.686727264468085,-0.0689040194744681,-0.247933472419149,0.861831345531915,-0.0438890162723404,-0.15310112323617,0.165005244710638,0.106830196085106,-0.442842739148936,-0.686727264468085,-0.177685386063489,0.249360961795745,-0.111592149367021,0.123361148080851
"12","2","WALKING_UPSTAIRS",0.001831594125,0.166133309816667,-0.0909271902708333,-0.752619539583333,-0.758782737708333,0.0650068551875,-0.411630790895833,0.790717418541667,-0.195888238891667,0.001831594125,0.166133309816667,-0.0909271902708333,-0.752619539583333,-0.758782737708333,-0.273792543833333,0.300599486708333,-0.153766258147917,0.150632529364583
"13","3","LAYING",0.670005695,0.827783473709677,-0.971428698064516,-0.999593702741935,-0.999000353870968,-0.124848886590323,-0.198585718272581,-0.241758478064516,0.48870318516129,0.670005695,0.827783473709677,-0.971428698064516,-0.999593702741935,-0.999000353870968,-0.0878935330806452,0.148823112885484,0.168213938564516,-0.0545893710048387
"14","3","SITTING",0.649726825384615,0.796661225,-0.894535262884615,-0.996692127115385,-0.979275195769231,-0.138138020688462,-0.195826108173077,0.901098984615385,0.139020582461538,0.649726825384615,0.796661225,-0.894535262884615,-0.996692127115385,-0.979275195769231,0.0343247986057692,0.0399420134903846,0.0146036657807692,-0.00303842576730769
"15","3","STANDING",0.644027902131148,0.81253224,-0.927612971147541,-0.998529394590164,-0.99509755,-0.0948512612098361,-0.191808084983607,0.93503077852459,0.024763106752459,0.644027902131148,0.81253224,-0.927612971147541,-0.998529394590164,-0.99509755,-0.0577641980409836,0.148838836581967,-0.0707324539916393,-0.00619286413770492
"16","3","WALKING",0.0224598193775862,0.370395080172414,-0.245384124482759,-0.790377061896552,-0.830352159827586,-0.283072039448276,-0.3000793945,0.936506743275862,-0.138107866258621,0.0224598193775862,0.370395080172414,-0.245384124482759,-0.790377061896552,-0.830352159827586,-0.0214395103275862,-0.0269880285965517,-0.135311724415517,0.178072640022414
"17","3","WALKING_DOWNSTAIRS",0.0835113987346939,0.415643967959184,-0.0731385344387755,-0.541236671632653,-0.811507385918367,-0.132558752502041,-0.163662556032653,0.939057787755102,-0.102352758040816,0.0835113987346939,0.415643967959184,-0.0731385344387755,-0.541236671632653,-0.811507385918367,-0.14436724614551,0.211645312097959,-0.165453346653061,0.206349488714286
"18","3","WALKING_UPSTAIRS",0.0365125157364407,0.524622058305085,-0.181326532774576,-0.757836303220339,-0.795467227118644,-0.0694602739954237,-0.296964761728814,0.883533436101695,-0.162943955254237,0.0365125157364407,0.524622058305085,-0.181326532774576,-0.757836303220339,-0.795467227118644,-0.258840026801695,0.267598504237288,-0.354524142084746,0.329016225991525
"19","4","LAYING",0.666114172962963,0.826098314074074,-0.954208001481481,-0.99179176962963,-0.996750788148148,-0.10978454942037,-0.424052053055556,-0.420664662222222,0.341531310555556,0.666114172962963,0.826098314074074,-0.954208001481481,-0.99179176962963,-0.996750788148148,-0.0674723227,0.0104105361851852,0.256938767568519,-0.064656571037037
"20","4","SITTING",0.6554755856,0.8186069384,-0.9386398266,-0.9992357806,-0.9887058172,-0.097183903804,-0.39574529516,0.8693030064,0.11012048108,0.6554755856,0.8186069384,-0.9386398266,-0.9992357806,-0.9887058172,0.036818621426,0.000903663342000001,0.029143967634,0.03344180036
"21","4","STANDING",0.641330126607143,0.807574318214286,-0.910601304107143,-0.998738702678571,-0.985918303928571,-0.219252399105357,-0.343441267446429,0.95619779125,0.166893825946429,0.641330126607143,0.807574318214286,-0.910601304107143,-0.998738702678571,-0.985918303928571,0.0360060011017857,0.00288299852928572,-0.0439163035767857,0.04180310955
"22","4","WALKING",0.189391668683333,0.642790533333333,-0.328803392833333,-0.841171533333333,-0.8328646385,0.05694856782,0.118243599566667,0.963999696833333,0.127764112666667,0.189391668683333,0.642790533333333,-0.328803392833333,-0.841171533333333,-0.8328646385,-0.186494542266667,0.09200847394,-0.246262982218333,0.249393319278833
"23","4","WALKING_DOWNSTAIRS",0.118285946155556,0.567293640888889,-0.111314269064444,-0.4733658018,-0.875944227111111,0.0381447363688889,0.3924340022,0.947731858666667,0.148714808888889,0.118285946155556,0.567293640888889,-0.111314269064444,-0.4733658018,-0.875944227111111,-0.464283008111111,0.546409588755556,-0.0533811587155556,0.203494079311111
"24","4","WALKING_UPSTAIRS",0.0745232387725,0.588500282307692,-0.179603958538462,-0.679177930576923,-0.826166131923077,0.103789892075,0.169509983115385,0.946264314423077,0.0841675382884615,0.0745232387725,0.588500282307692,-0.179603958538462,-0.679177930576923,-0.826166131923077,-0.251457354457692,0.252739685230769,-0.218490967957692,0.216868305365385
"25","5","LAYING",0.676765281730769,0.83164248,-0.967111432692308,-0.997090912692308,-0.999365638653846,-0.144607961615385,0.0664950957307692,-0.483470597692308,0.263644691923077,0.676765281730769,0.83164248,-0.967111432692308,-0.997090912692308,-0.999365638653846,-0.0584412779153846,0.153620745192308,0.347014961319231,-0.0622155968788462
"26","5","SITTING",0.661301152727273,0.808244526363636,-0.941041933409091,-0.999439007727273,-0.990728467272727,-0.173516934,-0.345819531181818,0.880731443863636,0.143006857611364,0.661301152727273,0.808244526363636,-0.941041933409091,-0.999439007727273,-0.990728467272727,0.0740401259409091,-0.0122316488977273,0.00832686840909091,0.0494010670909091
"27","5","STANDING",0.643829860892857,0.774749985535714,-0.908642919821429,-0.998299725535714,-0.987725375892857,-0.222791620080357,-0.456685373689286,0.960188699107143,0.138638436607143,0.643829860892857,0.774749985535714,-0.908642919821429,-0.998299725535714,-0.987725375892857,0.0640920334125,-0.0231847056160714,0.00759412930357143,-0.0235251082523214
"28","5","WALKING",0.0633526584285714,0.5405972175,-0.175104002607143,-0.739167282678571,-0.773397337142857,-0.294159251339286,-0.091306385975,0.972624959821429,0.00247623628392857,0.0633526584285714,0.5405972175,-0.175104002607143,-0.739167282678571,-0.773397337142857,-0.211060648671429,0.136457804244643,-0.292247916785714,0.247150477107143
"29","5","WALKING_DOWNSTAIRS",-0.0340034165893617,0.348868341914894,0.145925248157447,-0.178396773208511,-0.761162818297872,-0.252560667574468,0.0104504886106383,0.956649352553192,0.0216777910246191,-0.0340034165893617,0.348868341914894,0.145925248157447,-0.178396773208511,-0.761162818297872,-0.066809124,0.189233729638298,-0.132327886531915,0.119929540148936
"30","5","WALKING_UPSTAIRS",-0.0147994226212766,0.431426511276596,0.0256559304978723,-0.538524112765957,-0.721851596382979,-0.154475362619149,-0.00113416819,0.936821834893617,-0.0232035364248936,-0.0147994226212766,0.431426511276596,0.0256559304978723,-0.538524112765957,-0.721851596382979,-0.105375740848936,0.0731834026621277,-0.293387839978723,0.191669860991489
"31","6","LAYING",0.659767627017544,0.788505305438597,-0.917550687687719,-0.979558635614035,-0.992347937368421,-0.199817740242105,-0.262282681940351,-0.47670987877193,0.175867709021053,0.659767627017544,0.788505305438597,-0.917550687687719,-0.979558635614035,-0.992347937368421,-0.00985367507017544,-0.0250912256561404,0.217325973333333,-0.0542500151
"32","6","SITTING",0.655879405272727,0.793533518909091,-0.950293103090909,-0.999544140545454,-0.996150241818182,-0.132965934530909,-0.245166592236364,0.933692934909091,0.0695219657167273,0.655879405272727,0.793533518909091,-0.950293103090909,-0.999544140545454,-0.996150241818182,0.0468934525150909,0.0712969003587273,0.00381064230763636,0.0481808309763636
"33","6","STANDING",0.653953063508772,0.80143040122807,-0.945969045964912,-0.999412241403509,-0.997248772280702,-0.254546267964912,-0.172404703877193,0.945139003859649,0.0139193473596491,0.653953063508772,0.80143040122807,-0.945969045964912,-0.999412241403509,-0.997248772280702,0.115658305061404,0.0180005709701754,-0.0778732523052632,0.0237779111333333
"34","6","WALKING",-0.00267426764912281,0.502277692105263,-0.187037280157895,-0.74849398368421,-0.735242110175439,-0.142271702615789,-0.326302523157895,0.958067455087719,0.0331888826842105,-0.00267426764912281,0.502277692105263,-0.187037280157895,-0.74849398368421,-0.735242110175439,-0.140100444245614,0.113012875887719,-0.279175259263158,0.245289229
"35","6","WALKING_DOWNSTAIRS",-0.276804845645833,0.323444321025,0.272606144666667,-0.03749328435,-0.637543701875,-0.0936468458104167,-0.248693688304167,0.928531455208333,-0.00307981704708333,-0.276804845645833,0.323444321025,0.272606144666667,-0.03749328435,-0.637543701875,-0.135003255458333,0.253869888575,-0.1655986836875,0.113245973145833
"36","6","WALKING_UPSTAIRS",-0.111621121635294,0.411795619098039,-0.00476602969607843,-0.545813101764706,-0.723024891764706,-0.225548087668627,-0.221942319176471,0.913632241568627,-0.0184608964392157,-0.111621121635294,0.411795619098039,-0.00476602969607843,-0.545813101764706,-0.723024891764706,-0.0771423954901961,0.0988930129294118,-0.265832274384314,0.158435350829412
"37","7","LAYING",0.656384720769231,0.826605571153846,-0.935422841538462,-0.988989625192308,-0.994176370769231,-0.166258807869231,-0.513112846307692,-0.502814250576923,0.907537823461538,0.656384720769231,0.826605571153846,-0.935422841538462,-0.988989625192308,-0.994176370769231,-0.00420251098461539,0.0797888000961538,0.0714491157576923,-0.0862928646153846
"38","7","SITTING",0.655000882083333,0.778976113729167,-0.919770461666667,-0.996984059166667,-0.992955454166667,-0.1002345971375,-0.353811252354167,0.969147824375,0.0649636250354167,0.655000882083333,0.778976113729167,-0.919770461666667,-0.996984059166667,-0.992955454166667,-0.00774695218125,0.0862697509679167,0.0856782545,-0.0719046690229167
"39","7","STANDING",0.660726355660377,0.807734824716981,-0.942242368113207,-0.999423069811321,-0.99660903490566,-0.157290304064151,-0.0477272836226415,0.958728687924528,-0.0516573721320755,0.660726355660377,0.807734824716981,-0.942242368113207,-0.999423069811321,-0.99660903490566,-0.0534325189371698,0.302625800603774,-0.0570633104773585,0.00660506044716981
"40","7","WALKING",0.0478144313157895,-3.32640982456149e-05,-0.0656789865794737,-0.767322305789474,-0.826470822982456,-0.119213852733333,-0.194985284831579,0.932566472280702,-0.160846924029807,0.0478144313157895,-3.32640982456149e-05,-0.0656789865794737,-0.767322305789474,-0.826470822982456,-0.10918656454386,0.107585845110526,0.010826462287193,0.0252271753438597
"41","7","WALKING_DOWNSTAIRS",0.102738019067872,0.0373061574510638,0.0144566402914894,-0.415271593191489,-0.846720690212766,0.153707633276596,-0.644684261702128,0.930623632765957,-0.154935538544681,0.102738019067872,0.0373061574510638,0.0144566402914894,-0.415271593191489,-0.846720690212766,-0.069462917187234,0.145863641553191,-0.215666492595745,0.201075512744681
"42","7","WALKING_UPSTAIRS",0.270099990980392,0.243413793764706,-0.197360748070588,-0.745101933921569,-0.908170591176471,0.0229221622686275,-0.26949377045098,0.81874656,-0.403599709607843,0.270099990980392,0.243413793764706,-0.197360748070588,-0.745101933921569,-0.908170591176471,-0.0936458508254902,0.270867329901961,-0.302782844588235,0.25184649972549
"43","8","LAYING",0.660596667037037,0.818371494814815,-0.932157940925926,-0.990396515740741,-0.994245625740741,-0.0505814293425926,-0.362212125790741,-0.405930036111111,0.719831539259259,0.660596667037037,0.818371494814815,-0.932157940925926,-0.990396515740741,-0.994245625740741,-0.0251158268666667,0.0993081460555556,0.160634060474074,-0.135827487907407
"44","8","SITTING",0.677662485434783,0.827526888913043,-0.950751162608696,-0.998547484565217,-0.988768364130435,-0.118634201391304,-0.30707900281087,0.832453878043478,0.263895185521739,0.677662485434783,0.827526888913043,-0.950751162608696,-0.998547484565217,-0.988768364130435,0.083524227426087,0.0386415950043478,0.185193407430435,-0.147711686695652
"45","8","STANDING",0.67100199462963,0.815178526259259,-0.955452190740741,-0.999524439444444,-0.996309967222222,-0.227006304000926,0.0514003347037037,0.957669921111111,-0.0979392024814815,0.67100199462963,0.815178526259259,-0.955452190740741,-0.999524439444444,-0.996309967222222,0.0564502201388889,0.120490500074074,0.113560933296296,-0.092835470272037
"46","8","WALKING",-0.24669352425,0.306305331958333,0.0476653817395833,-0.6529567975,-0.628765166458333,-0.147275121791667,-0.194711654295833,0.913586347916667,-0.186267836962021,-0.24669352425,0.306305331958333,0.0476653817395833,-0.6529567975,-0.628765166458333,-0.158985435610417,0.229913475539583,-0.163852089866667,0.0894461039391667
"47","8","WALKING_DOWNSTAIRS",-0.258982906805263,-0.0679813946052632,0.189369043668421,-0.469955246315789,-0.645007873684211,-0.0380775738,-0.305593056121053,0.914023498421053,-0.141817934963684,-0.258982906805263,-0.0679813946052632,0.189369043668421,-0.469955246315789,-0.645007873684211,-0.285487031947368,0.235544627902632,-0.145747886725263,0.185792336092105
"48","8","WALKING_UPSTAIRS",-0.164466618170732,0.247622493097561,0.121559152312195,-0.651422823658537,-0.643675416341463,0.153393367195122,-0.185983872390244,0.860368718780488,-0.192306960631707,-0.164466618170732,0.247622493097561,0.121559152312195,-0.651422823658537,-0.643675416341463,-0.15690467957561,0.141281077790244,-0.202117759268293,0.169690507707317
"49","9","LAYING",0.6503681078,0.8071825094,-0.9296915638,-0.9912436312,-0.9969854562,-0.014595478614,-0.393128866154,-0.5802528348,0.9578730416,0.6503681078,0.8071825094,-0.9296915638,-0.9912436312,-0.9969854562,0.019860393882,0.06432811704,-0.02896265162,-0.071810197496
"50","9","SITTING",0.6321701446,0.7890782684,-0.88840476922,-0.9941343696,-0.9878044726,-0.056849358144,-0.32332389714,0.9163245106,0.085263099144,0.6321701446,0.7890782684,-0.88840476922,-0.9941343696,-0.9878044726,-0.025275444639,0.154806067022,-0.0411929099608,-0.04537336696
"51","9","STANDING",0.659900576222222,0.813150482,-0.945609971111111,-0.999159232,-0.997056425555556,-0.218391888237778,-0.193221483124444,0.961323502222222,0.00914769235555555,0.659900576222222,0.813150482,-0.945609971111111,-0.999159232,-0.997056425555556,0.0842017323177778,0.118562131851111,0.0940872818466667,-0.121038671815556
"52","9","WALKING",0.312681380961538,0.237594908423077,-0.097928392475,-0.7044445825,-0.874143460384615,0.00513823717692308,-0.0484480115403846,0.951867079615385,-0.115856121080385,0.312681380961538,0.237594908423077,-0.097928392475,-0.7044445825,-0.874143460384615,0.0794751068846154,-0.0348637042961538,-0.125364007644231,0.102007227365385
"53","9","WALKING_DOWNSTAIRS",0.245789670547619,0.028194970452381,0.112979739057143,-0.257661884785714,-0.870479396904762,0.099636607282619,-0.683131650714286,0.938417773333333,-0.082276174942619,0.245789670547619,0.028194970452381,0.112979739057143,-0.257661884785714,-0.870479396904762,-0.0238766843809524,0.177063460233333,-0.0384247676428571,0.108178726859524
"54","9","WALKING_UPSTAIRS",0.314171851020408,0.406603059102041,-0.253594157755102,-0.788678575918367,-0.900901655306122,0.0255515920265306,-0.0157479345734694,0.902647777755102,-0.266009866857143,0.314171851020408,0.406603059102041,-0.253594157755102,-0.788678575918367,-0.900901655306122,0.0880209024326531,0.0257681925673469,-0.293163189612245,0.137165527357143
"55","10","LAYING",0.664528589310345,0.815019588793103,-0.956061028793103,-0.996530072931034,-0.992708561206897,-0.119934528360345,-0.130919068544828,-0.453069737586207,-0.031121624137931,0.664528589310345,0.815019588793103,-0.956061028793103,-0.996530072931034,-0.992708561206897,0.146688152625862,-0.0840215634603448,0.238567041026724,-0.115937691537931
"56","10","SITTING",0.665760314074074,0.832938708333333,-0.960902395740741,-0.999084275740741,-0.989866418703704,-0.0119381965444444,-0.166637015509259,0.791887198148148,0.20253457287037,0.665760314074074,0.832938708333333,-0.960902395740741,-0.999084275740741,-0.989866418703704,0.113326097403704,0.0503992037962963,0.133180324918519,-0.133497250381481
"57","10","STANDING",0.65087373,0.814098061363636,-0.953053126136364,-0.999308628636364,-0.997165463409091,-0.130514072427045,-0.100090473340909,0.954008785454545,0.0346980210431818,0.65087373,0.814098061363636,-0.953053126136364,-0.999308628636364,-0.997165463409091,0.165562632,0.0570677224272727,0.00844508464195455,-0.0626740147740909
"58","10","WALKING",0.0737292091132075,0.538177417924528,-0.149051197301887,-0.65549503245283,-0.810005310754717,-0.235667818698113,-0.0544503301292453,0.963092149811321,0.0549276242264151,0.0737292091132075,0.538177417924528,-0.149051197301887,-0.65549503245283,-0.810005310754717,-0.110775014192453,0.164467255660377,-0.00820438260188679,0.137883163613208
"59","10","WALKING_DOWNSTAIRS",0.130143913771053,0.289993150421053,0.189772199631579,-0.155477924868421,-0.79611432,-0.0553484576918421,0.0563234309473684,0.939807421052632,0.0418715409263158,0.130143913771053,0.289993150421053,0.189772199631579,-0.155477924868421,-0.79611432,-0.290672934582053,0.373342851955263,-0.0152483362131579,0.0432248973931579
"60","10","WALKING_UPSTAIRS",0.190750665034043,0.347838347744681,-0.0269032676680851,-0.641540761702128,-0.805134564893617,-0.00428487709361702,-0.176163838978723,0.931861027446809,0.0227527702016383,0.190750665034043,0.347838347744681,-0.0269032676680851,-0.641540761702128,-0.805134564893617,-0.180504734570213,0.183995424429787,-0.10754647506383,0.0796406201489362
"61","11","LAYING",0.677448278596491,0.82905954122807,-0.979845680350877,-0.999422911754386,-0.999313143157895,0.0186737282333333,-0.0324846536807018,-0.134832031403509,0.112620189964912,0.677448278596491,0.82905954122807,-0.979845680350877,-0.999422911754386,-0.999313143157895,0.0372597250052632,0.145954305342105,0.236240604368421,-0.0826570739308772
"62","11","SITTING",0.668913077735849,0.82619502509434,-0.963030721698113,-0.999589261698113,-0.993810610377359,-0.0651074627358491,-0.0739063570584906,0.871963798301887,0.188531695981132,0.668913077735849,0.82619502509434,-0.963030721698113,-0.999589261698113,-0.993810610377359,0.0850651979792453,0.116609139581132,0.0907564684528302,-0.0741222941792453
"63","11","STANDING",0.678324933404255,0.839918649574468,-0.985155544468085,-0.999941440851064,-0.999164154680851,-0.117938979587234,-0.118983769485106,0.956464535957447,0.127198423404255,0.678324933404255,0.839918649574468,-0.985155544468085,-0.999941440851064,-0.999164154680851,0.1461358819,0.0502118907446808,0.138399717571915,-0.125541066068085
"64","11","WALKING",0.166621495220339,0.661462879152542,-0.294364553898305,-0.829462470847458,-0.823485994067797,-0.29356406379661,-0.000183889927118645,0.946468451355932,0.134053215101695,0.166621495220339,0.661462879152542,-0.294364553898305,-0.829462470847458,-0.823485994067797,-0.143224201627119,0.116537612044068,-0.190547937011864,0.135446437777966
"65","11","WALKING_DOWNSTAIRS",-0.0509447470478261,0.509796751304348,0.0918422233456522,-0.340211982826087,-0.774533806304348,-0.180421581695652,0.242562623417391,0.941746406521739,0.132371684891304,-0.0509447470478261,0.509796751304348,0.0918422233456522,-0.340211982826087,-0.774533806304348,-0.241430541882609,0.396092857391304,-0.194986307391304,0.152503231313043
"66","11","WALKING_UPSTAIRS",0.13191429467037,0.577581789259259,-0.119161142259259,-0.706859446481481,-0.840051968888889,0.0877569343203704,0.0202699562962963,0.892626155555556,0.146633747092593,0.13191429467037,0.577581789259259,-0.119161142259259,-0.706859446481481,-0.840051968888889,0.026669720387037,0.0635609946388889,-0.209672935703704,0.0783257957259259
"67","12","LAYING",0.666494121166667,0.820991438333333,-0.947099203333333,-0.993091959166667,-0.998195337,-0.120907502335,-0.413148777335,-0.3785920653,0.2750431984,0.666494121166667,0.820991438333333,-0.947099203333333,-0.993091959166667,-0.998195337,-0.004679171075,-0.0157515675466667,0.133667504183333,-0.010819300875
"68","12","SITTING",0.665309270588235,0.818498566078431,-0.952751155882353,-0.999585733137255,-0.997231938627451,-0.0736566364431373,-0.329717402307843,0.926228975490196,0.0885640696078431,0.665309270588235,0.818498566078431,-0.952751155882353,-0.999585733137255,-0.997231938627451,0.000422401966666666,0.0879613626078431,0.0641697245333333,-0.0638422897529412
"69","12","STANDING",0.656940828360656,0.807693367704918,-0.944325887377049,-0.999451411311475,-0.997063881639344,-0.119583094503279,-0.0527043499442623,0.957317821803279,-0.0395382767304918,0.656940828360656,0.807693367704918,-0.944325887377049,-0.999451411311475,-0.997063881639344,0.120621511772131,0.099388804,0.00486985137868853,-0.0471165147819672
"70","12","WALKING",0.1007813440008,0.4172468046,-0.13986845776,-0.6149273096,-0.8473863806,-0.2445964971674,-0.293614767658,0.9668735148,-0.03608428788,0.1007813440008,0.4172468046,-0.13986845776,-0.6149273096,-0.8473863806,-0.043858033128,0.06202889242,-0.132178346508,0.2250886612
"71","12","WALKING_DOWNSTAIRS",-0.0946262088130435,0.367691532173913,-0.0214133467586957,-0.445837031782609,-0.742916988913043,-0.0370737681391304,-0.350971378282609,0.949861980652174,-0.0561050624630435,-0.0946262088130435,0.367691532173913,-0.0214133467586957,-0.445837031782609,-0.742916988913043,-0.394348016086957,0.418989447586956,-0.132153004997826,0.154302302130435
"72","12","WALKING_UPSTAIRS",0.124706845394231,0.474750006923077,-0.236458431730769,-0.744517165,-0.840544261538462,0.0368066354057692,-0.214696538282692,0.938371473269231,-0.0702503820961538,0.124706845394231,0.474750006923077,-0.236458431730769,-0.744517165,-0.840544261538462,-0.149302987967308,0.141238909148077,-0.235315864013462,0.212225413326923
"73","13","LAYING",0.67133246483871,0.825578189032258,-0.957441404516129,-0.997954403064516,-0.998240606290323,-0.216599119096774,-0.405302422056452,-0.156852206467742,0.598884988709677,0.67133246483871,0.825578189032258,-0.957441404516129,-0.997954403064516,-0.998240606290323,0.00471066056290323,-0.0141195902096774,0.157001118624194,-0.0751896062387097
"74","13","SITTING",0.684534678979592,0.828464001428571,-0.958412065714286,-0.999570183061224,-0.992499274081633,-0.0675210082,-0.0624233713469388,0.92557651244898,0.0757773858163265,0.684534678979592,0.828464001428571,-0.958412065714286,-0.999570183061224,-0.992499274081633,0.0974731140938775,0.0762127748702041,0.153753973534082,-0.120532906367347
"75","13","STANDING",0.670682884736842,0.829046862631579,-0.972353958421053,-0.999836631578947,-0.998402839298246,-0.188134583368772,-0.0483024027421053,0.942695296842105,-0.0524856614035088,0.670682884736842,0.829046862631579,-0.972353958421053,-0.999836631578947,-0.998402839298246,0.0808962258157895,-0.0176873265333333,0.0651032702964912,-0.0750545547847368
"76","13","WALKING",0.0283044635263158,0.281170051126316,-0.134001769526316,-0.78286738122807,-0.738771539824561,-0.169683939619298,-0.076088435985614,0.910855709298246,-0.131299718666667,0.0283044635263158,0.281170051126316,-0.134001769526316,-0.78286738122807,-0.738771539824561,-0.0545160054263158,0.0251830407540351,-0.240867712668421,0.226768657668421
"77","13","WALKING_DOWNSTAIRS",0.0277467959702128,0.0611907388978723,-0.0369679492338298,-0.551260479787234,-0.810234638510638,-0.162367959465957,-0.445670293478723,0.941875619787234,-0.0950820341687234,0.0277467959702128,0.0611907388978723,-0.0369679492338298,-0.551260479787234,-0.810234638510638,-0.132530491551064,0.144863334110638,-0.245505652148936,0.229786384978723
"78","13","WALKING_UPSTAIRS",0.0632201915190909,0.371825497563636,-0.10258231694,-0.746902370727273,-0.749643208545455,0.0686275743363636,-0.108302534963636,0.847634313454545,-0.207507170584727,0.0632201915190909,0.371825497563636,-0.10258231694,-0.746902370727273,-0.749643208545455,-0.198255482778182,0.269110850563636,-0.363076883781818,0.224372684858182
"79","14","LAYING",0.662626291568627,0.813605270196078,-0.899187298862745,-0.965978962352941,-0.991060807254902,-0.193411242217843,-0.586738358784314,-0.145483631627451,0.83656291,0.662626291568627,0.813605270196078,-0.899187298862745,-0.965978962352941,-0.991060807254902,0.0876472272705882,0.00388727842352941,0.0125699523960784,-0.131761415784314
"80","14","SITTING",0.664728536851852,0.817603108888889,-0.942557804814815,-0.998646058333333,-0.991385101296296,-0.0141421111740741,0.0256860625537037,0.939038759814815,-0.0945970534814815,0.664728536851852,0.817603108888889,-0.942557804814815,-0.998646058333333,-0.991385101296296,0.104502743157407,0.171539025925926,0.0247537392777778,-0.10335692762963
"81","14","STANDING",0.662973014666667,0.809857027333333,-0.941973985833333,-0.998958301333333,-0.997355149,-0.162731054388333,0.332038119916667,0.875319569,-0.338174888666667,0.662973014666667,0.809857027333333,-0.941973985833333,-0.998958301333333,-0.997355149,0.107114422153333,0.0625214945733333,-0.00549426388833333,-0.0693206267833333
"82","14","WALKING",0.167873069152542,0.174560977735593,-0.146704030847458,-0.817865451864407,-0.824562683050847,0.090557651479661,-0.296726626711864,0.802973961525424,-0.422495268474576,0.167873069152542,0.174560977735593,-0.146704030847458,-0.817865451864407,-0.824562683050847,-0.0457946387491525,0.288815248825424,-0.181370126657627,0.0850337644576271
"83","14","WALKING_DOWNSTAIRS",-0.453989801633333,-0.275557249346667,0.233850007777778,-0.476128353555556,-0.626256393333333,0.253734227315556,-0.693053510444444,0.81629643,-0.392555882222222,-0.453989801633333,-0.275557249346667,0.233850007777778,-0.476128353555556,-0.626256393333333,0.0379258531533333,0.201744846942667,-0.03270942886,0.0370406896002244
"84","14","WALKING_UPSTAIRS",-0.0730600620074074,-0.154738891324074,0.152684150296296,-0.756439385185185,-0.665818555925926,-0.0250405017740741,-0.480219364074074,0.688256122222222,-0.49508872037037,-0.0730600620074074,-0.154738891324074,0.152684150296296,-0.756439385185185,-0.665818555925926,0.0223012503148148,0.153485334055556,-0.229208934796296,0.0710233772444444
"85","15","LAYING",0.676438809861111,0.802277153611111,-0.954961538472222,-0.998091009722222,-0.998790960277778,-0.0596951172291667,-0.0733165532916667,-0.1719930545,-0.0369192905555556,0.676438809861111,0.802277153611111,-0.954961538472222,-0.998091009722222,-0.998790960277778,0.0421473991319444,0.0531243137333333,0.2053742866,-0.09407134538125
"86","15","SITTING",0.674157565932203,0.821657761525424,-0.95810120661017,-0.999472697627119,-0.989180283050847,-0.037328695340678,-0.0903976279830508,0.89036426220339,0.00281565980440678,0.674157565932203,0.821657761525424,-0.95810120661017,-0.999472697627119,-0.989180283050847,0.0681568602135593,0.0663923110169492,0.124846228774576,-0.0702009780372881
"87","15","STANDING",0.661984212830189,0.823316326415094,-0.962443225660377,-0.999751297735849,-0.997161289622642,-0.139170092715094,-0.230951400991132,0.965528899622642,0.0645975994528302,0.661984212830189,0.823316326415094,-0.962443225660377,-0.999751297735849,-0.997161289622642,0.0987495791566038,-0.00166460861949057,-0.0167200094396226,-0.0175169274924528
"88","15","WALKING",-0.12299676909463,0.596963407037037,-0.202256402777778,-0.768251972962963,-0.745644895185185,0.0669630849722222,-0.0132568662407407,0.951524391481481,0.0757356734814815,-0.12299676909463,0.596963407037037,-0.202256402777778,-0.768251972962963,-0.745644895185185,0.0252015609777778,0.2199473259,-0.0727064305981481,0.0609232584407407
"89","15","WALKING_DOWNSTAIRS",-0.228370693071429,0.409150519761905,0.24367502052381,-0.00492444155238095,-0.722983629761905,-0.147052109071429,0.130265556062381,0.932302200476191,0.0788822410992857,-0.228370693071429,0.409150519761905,0.24367502052381,-0.00492444155238095,-0.722983629761905,-0.157815272571429,0.397862447142857,-0.142076791166667,0.128321341480952
"90","15","WALKING_UPSTAIRS",0.181145028208333,0.558962643125,-0.0357233236583333,-0.521443000416667,-0.805014099583333,0.0309772475416667,0.0545438033020833,0.918544812291667,0.0811803405,0.181145028208333,0.558962643125,-0.0357233236583333,-0.521443000416667,-0.805014099583333,-0.0787888728333333,0.1045338436625,-0.226161503833333,0.156897785180208
"91","16","LAYING",0.670238084428571,0.829174322714286,-0.959523755714286,-0.998839250428571,-0.998143612428571,-0.170555158408571,-0.437956727371429,-0.206783742242857,0.893884468571429,0.670238084428571,0.829174322714286,-0.959523755714286,-0.998839250428571,-0.998143612428571,0.0333213771757143,0.11102674099,0.0929926037342857,-0.130113121242857
"92","16","SITTING",0.680536293768116,0.826829415362319,-0.961402265507246,-0.998782577681159,-0.996139457971014,-0.0916862147057971,-0.111432152478261,0.942457377971014,0.0892682200463768,0.680536293768116,0.826829415362319,-0.961402265507246,-0.998782577681159,-0.996139457971014,0.0641402347717391,0.104231225733333,0.16550886465942,-0.0967102516086956
"93","16","STANDING",0.677277043717949,0.829169933589744,-0.968888565384615,-0.999197714102564,-0.998370904230769,-0.115794550001282,0.143898247476923,0.941587749358974,-0.166737468166667,0.677277043717949,0.829169933589744,-0.968888565384615,-0.999197714102564,-0.998370904230769,0.0741811236346154,0.0223444650551282,0.135394729054359,-0.107779387712308
"94","16","WALKING",0.286795197058824,0.279403934431373,-0.248172852352941,-0.819721324901961,-0.907178710196078,-0.0529384568070588,-0.201364456835294,0.925981326078431,-0.217351194313725,0.286795197058824,0.279403934431373,-0.248172852352941,-0.819721324901961,-0.907178710196078,-0.0777067066823529,0.0341432560647059,-0.251435183980392,0.252362801490196
"95","16","WALKING_DOWNSTAIRS",0.227080906170213,-0.0797203337659574,0.161222917695745,-0.258322494176596,-0.856335613829787,0.054057604787234,-0.653582012340426,0.917818427021277,-0.225382496382979,0.227080906170213,-0.0797203337659574,0.161222917695745,-0.258322494176596,-0.856335613829787,-0.232515627540426,0.459246526212766,-0.192781898312766,0.18756553193617
"96","16","WALKING_UPSTAIRS",0.257084644588235,0.227046664196078,-0.219807583960784,-0.814793698235294,-0.861634448627451,0.132306914039216,-0.450482125882353,0.826874282745098,-0.379059698039216,0.257084644588235,0.227046664196078,-0.219807583960784,-0.814793698235294,-0.861634448627451,-0.235539388,0.265315125131373,-0.314429119764706,0.201950704509804
"97","17","LAYING",0.674147705070423,0.823412287746479,-0.949976962253521,-0.997749894788732,-0.996745246619718,-0.232101110244225,-0.30399038748169,-0.19913309,0.722657502112676,0.674147705070423,0.823412287746479,-0.949976962253521,-0.997749894788732,-0.996745246619718,0.0466891052211268,-0.111181391133803,0.126832969461972,-0.122200418149296
"98","17","SITTING",0.68488514890625,0.82822976015625,-0.97363887046875,-0.9998784821875,-0.99723131296875,-0.1477618683375,0.0741615493578125,0.94488374765625,-0.135803881679687,0.68488514890625,0.82822976015625,-0.97363887046875,-0.9998784821875,-0.99723131296875,0.0781542476390625,0.0409072021421875,0.19642266346875,-0.155280827421875
"99","17","STANDING",0.683185309102564,0.834800235,-0.976611892307692,-0.999616053974359,-0.998717989358974,-0.158305836233333,0.277669044,0.904678547435897,-0.202687757012821,0.683185309102564,0.834800235,-0.976611892307692,-0.999616053974359,-0.998717989358974,0.0843271264076923,-0.015964049224359,0.183701100685897,-0.168276179153846
"100","17","WALKING",0.133863081045902,0.44243744442623,-0.158556937245902,-0.764890133606557,-0.81253966557377,-0.270490016185246,-0.120973546477049,0.92811236852459,-0.190265949622951,0.133863081045902,0.44243744442623,-0.158556937245902,-0.764890133606557,-0.81253966557377,-0.0565711439836066,-0.00955805010491803,-0.284471455903279,0.282361083098361
"101","17","WALKING_DOWNSTAIRS",0.147106120434783,0.26791149126087,0.113316865758696,-0.287474904565217,-0.823109285652174,-0.055273420326087,-0.587368021956522,0.928817578043478,-0.160962985956522,0.147106120434783,0.26791149126087,0.113316865758696,-0.287474904565217,-0.823109285652174,-0.0956500627823913,0.298728852326087,-0.351619887826087,0.276133741413043
"102","17","WALKING_UPSTAIRS",0.1191550816875,0.417325549375,-0.0247961512541667,-0.554476144791667,-0.806309825833333,0.0373605332770833,-0.483815424375,0.853530565833333,-0.298171464166667,0.1191550816875,0.417325549375,-0.0247961512541667,-0.554476144791667,-0.806309825833333,-0.0553370501927083,0.21473361595,-0.2901140612125,0.207962708791667
"103","18","LAYING",0.687704605846154,0.840074659692308,-0.985876867538461,-0.999681872769231,-0.999877896461538,-0.16321214002,-0.311437012647385,-0.220600509076923,0.605495317692308,0.687704605846154,0.840074659692308,-0.985876867538461,-0.999681872769231,-0.999877896461538,0.136892951832308,-0.0941219204892308,0.222602421096923,-0.0880443643353846
"104","18","SITTING",0.687507466140351,0.833494779649123,-0.983721961578947,-0.99994017,-0.999306372807018,-0.144916679752632,-0.102830526164912,0.909816469298246,0.161877417894737,0.687507466140351,0.833494779649123,-0.983721961578947,-0.99994017,-0.999306372807018,0.0966182314684211,0.0549202938684211,0.185685078296491,-0.113624527101754
"105","18","STANDING",0.672035931232877,0.83125525260274,-0.972863383150685,-0.999898316849315,-0.999078616986301,-0.155445962887671,-0.0781504281315069,0.947573239863014,-0.0485767106575342,0.672035931232877,0.83125525260274,-0.972863383150685,-0.999898316849315,-0.999078616986301,0.126554843339726,0.0487704739821918,0.028620623759863,-0.0783398432316438
"106","18","WALKING",0.295959501964286,0.47036294125,-0.296416825535714,-0.8022646675,-0.882299554821429,-0.1048659923375,-0.133505347933214,0.92386524875,-0.0609313415892857,0.295959501964286,0.47036294125,-0.296416825535714,-0.8022646675,-0.882299554821429,-0.0237736732321429,0.05709533914875,-0.219724875303571,0.242897153
"107","18","WALKING_DOWNSTAIRS",0.195833119527273,0.403115206,-0.288736334181818,-0.752219360181818,-0.889623034181818,-0.166537472258182,-0.3297753946,0.932277478363636,-0.0493636733454545,0.195833119527273,0.403115206,-0.288736334181818,-0.752219360181818,-0.889623034181818,-0.159354881,0.198694510351418,-0.226805508781818,0.173376862345455
"108","18","WALKING_UPSTAIRS",0.265991674982759,0.433307716724138,-0.275217888275862,-0.805040455,-0.876431280172414,0.0675610517465517,-0.26486434932931,0.883330258448276,-0.106112549189655,0.265991674982759,0.433307716724138,-0.275217888275862,-0.805040455,-0.876431280172414,0.00812209695,0.115631049689655,-0.255909795437931,0.130707639586207
"109","19","LAYING",0.680070168313253,0.838239990481928,-0.968648000120482,-0.998048061325301,-0.999555532289157,-0.0304588304771084,0.0473214902373494,-0.680043155060241,0.68762385253012,0.680070168313253,0.838239990481928,-0.968648000120482,-0.998048061325301,-0.999555532289157,0.00470768128771084,-0.0257017332746988,0.249556347728916,-0.071497702639759
"110","19","SITTING",0.673509718219178,0.822139712328767,-0.959931008082192,-0.999225464931507,-0.998065281917808,-0.0762377803657534,-0.631655586328767,0.581371509041096,0.489126594657534,0.673509718219178,0.822139712328767,-0.959931008082192,-0.999225464931507,-0.998065281917808,0.0589887009880822,-0.0659197813054795,0.0863797472739726,-0.0945623387191781
"111","19","STANDING",0.669794211232877,0.822209155753425,-0.961774492191781,-0.999833991369863,-0.99815989890411,-0.175245762079452,-0.268123767191781,0.944045837534247,0.130643717849315,0.669794211232877,0.822209155753425,-0.961774492191781,-0.999833991369863,-0.99815989890411,0.0812062340561644,0.0715758952739726,0.0379619427260274,-0.0689679987383562
"112","19","WALKING",0.117843509846154,0.203156531528846,0.0557557611403846,-0.540374798461538,-0.727208555576923,-0.109376002519231,-0.379770891653846,0.935222559230769,-0.0898428797307692,0.117843509846154,0.203156531528846,0.0557557611403846,-0.540374798461538,-0.727208555576923,-0.115996566193654,0.120582512496154,-0.159187383525,0.183065438140385
"113","19","WALKING_DOWNSTAIRS",-0.226763505097436,-0.0313069468205128,0.600822814871795,0.341139767076923,-0.550939718717949,-0.0743972887435897,-0.2517688114,0.881940855128205,-0.126146868942821,-0.226763505097436,-0.0313069468205128,0.600822814871795,0.341139767076923,-0.550939718717949,-0.112045867738462,0.328774522564103,-0.118725684666154,0.107851525428205
"114","19","WALKING_UPSTAIRS",-0.039655171455,0.243852817975,0.015734777125,-0.61378541625,-0.72266549775,-0.03610002904,-0.20949986265,0.8294283725,-0.2210087627,-0.039655171455,0.243852817975,0.015734777125,-0.61378541625,-0.72266549775,-0.18746018987,0.3112622978,-0.2100743665,0.2027375583275
"115","20","LAYING",0.6812424825,0.835327838823529,-0.961308452058824,-0.988834849264706,-0.996732255,-0.136113086535294,-0.244924043191176,-0.472431415573529,0.477573305,0.6812424825,0.835327838823529,-0.961308452058824,-0.988834849264706,-0.996732255,0.125858720916103,-0.0614455846588235,0.200279540941176,-0.0538192198926471
"116","20","SITTING",0.664201829848485,0.80938668,-0.953502213787879,-0.999381030151515,-0.996451943181818,-0.0927349976318182,-0.242736864362576,0.924454522424242,0.151679135228788,0.664201829848485,0.80938668,-0.953502213787879,-0.999381030151515,-0.996451943181818,0.0686560448848485,0.131842232951515,0.0774898182878788,-0.113841414927727
"117","20","STANDING",0.626381412739726,0.80707698109589,-0.923505787534247,-0.99853689520548,-0.994177490821918,-0.0697309740536986,-0.163829452410959,0.911231752465753,0.0708655286023288,0.626381412739726,0.80707698109589,-0.923505787534247,-0.99853689520548,-0.994177490821918,-0.00054761472739726,0.110360699932877,-0.0482040653465753,-0.0593775037410959
"118","20","WALKING",-0.305919615843137,0.348364705941176,0.045888034954902,-0.68044478,-0.561452319803922,0.117045709521569,-0.398864653921569,0.899965205686274,-0.035130214,-0.305919615843137,0.348364705941176,0.045888034954902,-0.68044478,-0.561452319803922,-0.180945623490196,0.1182865306,-0.27549396815098,0.260431310529412
"119","20","WALKING_DOWNSTAIRS",-0.392423286311111,0.249924065911111,0.213787502815556,-0.413074357111111,-0.490357839555556,-0.163490269666667,-0.225854619295556,0.91972663,-0.0282591579777778,-0.392423286311111,0.249924065911111,0.213787502815556,-0.413074357111111,-0.490357839555556,-0.0742244224444445,0.174444113724444,-0.237148320206667,0.153786377412444
"120","20","WALKING_UPSTAIRS",0.115193556117647,0.42629886745098,0.00784256818431373,-0.600763859215686,-0.735480380392157,-0.249702091823529,-0.257654508705882,0.777095717058824,-0.130117634791765,0.115193556117647,0.42629886745098,0.00784256818431373,-0.600763859215686,-0.735480380392157,-0.000751901825490195,0.0564371069607843,-0.348849348111765,0.226897829956863
"121","21","LAYING",0.669127195555556,0.826484561666667,-0.950159764777778,-0.996756303555556,-0.998564282555556,-0.206030494108889,-0.766131890777778,-0.174349174822222,0.788251027111111,0.669127195555556,0.826484561666667,-0.950159764777778,-0.996756303555556,-0.998564282555556,-0.0242352302058889,0.0366261092311111,0.127421834196667,-0.105650287128889
"122","21","SITTING",0.679006817058823,0.826487504941177,-0.975340825294118,-0.999861659647059,-0.999101978235294,-0.111866160212941,0.0492982964690588,0.940031368,-0.0567766060705882,0.679006817058823,0.826487504941177,-0.975340825294118,-0.999861659647059,-0.999101978235294,0.0623086348270588,0.099144957868,0.139769462244353,-0.0739782246714118
"123","21","STANDING",0.665531454719101,0.818976649662921,-0.957954037640449,-0.999328140337079,-0.998013281797753,-0.0822165300348315,0.128721385062921,0.881213341910112,-0.207685689775281,0.665531454719101,0.818976649662921,-0.957954037640449,-0.999328140337079,-0.998013281797753,0.0525606952003371,0.034441622878427,0.0533526610695056,-0.0486938026507865
"124","21","WALKING",0.102687937661538,0.281186446730769,-0.100578333188462,-0.747528102115385,-0.783209055,0.103640325394231,-0.113765424561538,0.862524800961538,-0.220947960192308,0.102687937661538,0.281186446730769,-0.100578333188462,-0.747528102115385,-0.783209055,-0.185334284998077,0.0690602357269231,-0.197090284961538,0.218641619403846
"125","21","WALKING_DOWNSTAIRS",-0.143193872735556,0.0624167193911111,0.253107410044444,-0.242609584911111,-0.669083292222222,-0.0430267427422222,-0.583411349777778,0.872683205555556,-0.187870253333333,-0.143193872735556,0.0624167193911111,0.253107410044444,-0.242609584911111,-0.669083292222222,-0.143350537311111,0.359105229278222,-0.206925940728222,0.117455203577778
"126","21","WALKING_UPSTAIRS",-0.0459065723978723,0.342765666382979,-0.0803079863404255,-0.706659700212766,-0.758213986595745,-0.0148760342182979,-0.422008460638298,0.781177210851064,-0.309735038510638,-0.0459065723978723,0.342765666382979,-0.0803079863404255,-0.706659700212766,-0.758213986595745,-0.294876737780851,0.397469917446808,-0.154399808431915,0.136337720829787
"127","22","LAYING",0.653806080694444,0.809112245555556,-0.933235499861111,-0.993457142916667,-0.989968810972222,-0.00664236984166667,-0.309286693672222,-0.418494577083333,0.771903907083333,0.653806080694444,0.809112245555556,-0.933235499861111,-0.993457142916667,-0.989968810972222,-0.0264403574819444,0.133545102027778,0.122436939222222,-0.0929228046166667
"128","22","SITTING",0.669032219354839,0.808178258387097,-0.940797937258064,-0.999043220322581,-0.992863379677419,-0.170681393854839,-0.613777189725806,0.839305928709677,0.315551492322581,0.669032219354839,0.808178258387097,-0.940797937258064,-0.999043220322581,-0.992863379677419,0.00890530226451613,0.00320464296774193,0.0889876190790323,-0.0957498496474194
"129","22","STANDING",0.645950608888889,0.818580492698413,-0.955962215555556,-0.999516383015873,-0.99746723047619,-0.087673619184127,-0.115021306206349,0.954064297619048,0.0323824977714286,0.645950608888889,0.818580492698413,-0.955962215555556,-0.999516383015873,-0.99746723047619,0.00915074680793651,0.152637020603175,-0.053338635,-0.0162348164238095
"130","22","WALKING",-0.249025331284783,0.293102691521739,0.0359383735456522,-0.505862089565217,-0.763781753043478,0.088443499576087,-2.89014347826087e-05,0.936096410434783,0.0233780056086957,-0.249025331284783,0.293102691521739,0.0359383735456522,-0.505862089565217,-0.763781753043478,-0.285643500565217,0.289603000047826,-0.0303551397282609,0.219348933417391
"131","22","WALKING_DOWNSTAIRS",-0.128967372747222,0.356342815055556,0.266149879722222,-0.0855935942472222,-0.701202180555555,0.129434816952778,0.0713158,0.921820641944444,0.0412987957222222,-0.128967372747222,0.356342815055556,0.266149879722222,-0.0855935942472222,-0.701202180555555,-0.34126602525,0.635834064444444,-0.168019686416667,0.179520749327222
"132","22","WALKING_UPSTAIRS",-0.0819626686904762,0.376664445,0.190472829333333,-0.408109818095238,-0.693747711904762,0.217775544983333,-0.146703961483333,0.889454382857143,-0.0957978990316667,-0.0819626686904762,0.376664445,0.190472829333333,-0.408109818095238,-0.693747711904762,-0.265453100916667,0.379663701904762,-0.13445186947619,0.131685228586905
"133","23","LAYING",0.680479480138889,0.835979060138889,-0.962906945277778,-0.997288912638889,-0.999493773333333,-0.211329353358333,-0.501560004111111,-0.391564962777778,0.918782825277778,0.680479480138889,0.835979060138889,-0.962906945277778,-0.997288912638889,-0.999493773333333,-0.111952828958472,0.0471485002693056,0.188629877170833,-0.159521475881944
"134","23","SITTING",0.671219954852941,0.806428835441176,-0.945948471323529,-0.999660302205882,-0.994295381470588,-0.0398344552779412,-0.0551924831279412,0.936509242941176,0.0630111556279412,0.671219954852941,0.806428835441176,-0.945948471323529,-0.999660302205882,-0.994295381470588,0.0408236267897059,0.110655504175,0.130299798975,-0.0597726860411765
"135","23","STANDING",0.6756333175,0.8108243325,-0.957568623676471,-0.999655470588235,-0.999198658676471,-0.181831898461765,0.0892670590147059,0.919857125882353,-0.223631180906765,0.6756333175,0.8108243325,-0.957568623676471,-0.999655470588235,-0.999198658676471,0.0848856416388235,-0.0533459501058824,0.0812207871,-0.0862105907569706
"136","23","WALKING",-0.0891634993752542,-0.0355249779169492,-0.100940731261017,-0.760051238305085,-0.846727872711864,-0.314461323220339,-0.31153566440678,0.939809688644068,-0.160763360338983,-0.0891634993752542,-0.0355249779169492,-0.100940731261017,-0.760051238305085,-0.846727872711864,0.0789666147610169,-0.163663945654237,-0.113603977649153,0.159020498211864
"137","23","WALKING_DOWNSTAIRS",-0.0709365112777778,-0.107758444025926,0.142089819687481,-0.443128366111111,-0.758677942592593,0.0423362553827778,-0.516430422962963,0.923711401296296,-0.153671532259259,-0.0709365112777778,-0.107758444025926,0.142089819687481,-0.443128366111111,-0.758677942592593,-0.0415064423344444,0.131429112842593,-0.0802439714240741,0.126356686344444
"138","23","WALKING_UPSTAIRS",0.118029858529412,0.127395300894118,-0.0158443055862745,-0.706936576078431,-0.783629149607843,0.130323371892157,-0.19433920664902,0.843438810196078,-0.35593445,0.118029858529412,0.127395300894118,-0.0158443055862745,-0.706936576078431,-0.783629149607843,-0.197893096392157,0.329039956862745,-0.210092328588235,0.145615505196078
"139","24","LAYING",0.685321470555556,0.833340932083333,-0.971772770138889,-0.998309932638889,-0.999824728888889,-0.237290982441667,-0.562399843652778,-0.359292534027778,0.683839909722222,0.685321470555556,0.833340932083333,-0.971772770138889,-0.998309932638889,-0.999824728888889,0.00454729822777778,-0.0296712980988889,0.2885442165,-0.156217790331944
"140","24","SITTING",0.678432012352941,0.827264347058824,-0.969084977058824,-0.999819896764706,-0.998138075588235,-0.0637896905882353,-0.3616372425,0.919637604411765,0.109559621020588,0.678432012352941,0.827264347058824,-0.969084977058824,-0.999819896764706,-0.998138075588235,0.0807557817455882,0.0470624883544118,0.0514429041674853,-0.0468571848198529
"141","24","STANDING",0.669040315362319,0.811290691594203,-0.951832859565217,-0.999679875362319,-0.998124360724638,-0.261114432956522,0.0189485995565217,0.96644228,-0.0530585403536232,0.669040315362319,0.811290691594203,-0.951832859565217,-0.999679875362319,-0.998124360724638,0.0993118479652174,0.063831806615942,-0.0146175655933333,-0.0285112718834783
"142","24","WALKING",0.0885501455744828,0.337188758103448,-0.291563442068966,-0.857217821206897,-0.859919705862069,-0.216370789160345,-0.1946635225,0.95970108137931,-0.140910029827586,0.0885501455744828,0.337188758103448,-0.291563442068966,-0.857217821206897,-0.859919705862069,-0.157624022122414,0.106422768972414,-0.251910985058621,0.189229589851724
"143","24","WALKING_DOWNSTAIRS",0.0672663416218182,0.254992847418182,-0.0727260789578182,-0.574520642727273,-0.840360131818182,0.0296080762672727,-0.356878038909091,0.950883416727273,-0.140123155018182,0.0672663416218182,0.254992847418182,-0.0727260789578182,-0.574520642727273,-0.840360131818182,-0.187086651509091,0.391262274727273,-0.163271391381818,0.138432978250909
"144","24","WALKING_UPSTAIRS",0.169946673610169,0.283530418983051,-0.233899934576271,-0.782093972711864,-0.844841180677966,-0.0892882474898305,-0.354327402508475,0.906369500508475,-0.227134869152542,0.169946673610169,0.283530418983051,-0.233899934576271,-0.782093972711864,-0.844841180677966,0.00231977022542373,0.113321429608475,-0.278344752423729,0.134547220598305
"145","25","LAYING",0.574164786442466,0.741942709589041,-0.577589664319178,-0.978896856027397,-0.796290169,-0.0526283677945205,-0.464224164890411,-0.461102531369863,0.526353818315068,0.574164786442466,0.741942709589041,-0.577589664319178,-0.978896856027397,-0.796290169,-0.0397926954880822,-0.00621353147123288,-0.114479250650411,0.0172768607708219
"146","25","SITTING",0.676727357076923,0.828703130769231,-0.972154928307692,-0.999772823076923,-0.994868777846154,-0.110599476560615,-0.294846884233231,0.865686078153846,0.167140956385077,0.676727357076923,0.828703130769231,-0.972154928307692,-0.999772823076923,-0.994868777846154,0.0882206576769231,0.0860945363953846,0.146938135292923,-0.107717525584615
"147","25","STANDING",0.672360939594595,0.832718925675676,-0.973721977027027,-0.999861257702703,-0.998966571351351,-0.215069127971622,-0.212336683421622,0.929794733108108,0.201182106486486,0.672360939594595,0.832718925675676,-0.973721977027027,-0.999861257702703,-0.998966571351351,0.126646760027027,0.0933102252054054,0.0808687901702703,-0.0961450697472973
"148","25","WALKING",0.162161556364865,0.478891250540541,-0.403091132162162,-0.916083407432432,-0.862336472567568,-0.219937149527027,-0.0205674382635135,0.937483114459459,0.188416273486486,0.162161556364865,0.478891250540541,-0.403091132162162,-0.916083407432432,-0.862336472567568,-0.119983932014865,0.0444103970094595,-0.289490815947297,0.148012622251351
"149","25","WALKING_DOWNSTAIRS",0.122826095515517,0.562009794827586,-0.2185910985,-0.714629286724138,-0.852812975172414,-0.199987185372414,0.175115079332759,0.929627532241379,0.21879595837931,0.122826095515517,0.562009794827586,-0.2185910985,-0.714629286724138,-0.852812975172414,-0.204352652494138,0.332297127086207,-0.265993030982759,0.154129690863793
"150","25","WALKING_UPSTAIRS",0.306235205446154,0.530142962307692,-0.302598263076923,-0.850101270923077,-0.878530808923077,0.0177534776138462,-0.250487726078462,0.927693239538462,0.108230986684615,0.306235205446154,0.530142962307692,-0.302598263076923,-0.850101270923077,-0.878530808923077,-0.187389735076923,0.270427041409231,-0.324348600349231,0.152287317230769
"151","26","LAYING",0.684564105394737,0.841388820526316,-0.977270590921053,-0.996442848157895,-0.999559965131579,0.00382992175921053,0.0802664614697368,-0.621309715263158,0.614523405921053,0.684564105394737,0.841388820526316,-0.977270590921053,-0.996442848157895,-0.999559965131579,-0.00737872886842105,0.0511069887552632,0.329075604697368,-0.179987672310395
"152","26","SITTING",0.681533206538462,0.831754258461538,-0.949161203205128,-0.996402383846154,-0.989353286666667,-0.107610293961538,-0.462504830162821,0.782955611794872,0.314387627435897,0.681533206538462,0.831754258461538,-0.949161203205128,-0.996402383846154,-0.989353286666667,0.0939932541012821,-0.00773070613423077,0.211098797284615,-0.158636809937577
"153","26","STANDING",0.671401805675676,0.828270461486487,-0.968834283513514,-0.999811269594595,-0.99775186445946,-0.168477452971622,-0.142027621290541,0.965460891621622,0.0884142682297297,0.671401805675676,0.828270461486487,-0.968834283513514,-0.999811269594595,-0.99775186445946,0.102922531836486,0.115652163663514,0.0572373918351351,-0.0831737446
"154","26","WALKING",0.150795384949153,0.329895753220339,-0.235552347271186,-0.775068551694915,-0.853366991864407,-0.21057113743978,-0.1356579494,0.960647754576271,0.108738699508475,0.150795384949153,0.329895753220339,-0.235552347271186,-0.775068551694915,-0.853366991864407,0.0167334373830508,0.00259734171355932,-0.230332450249153,0.220232946828814
"155","26","WALKING_DOWNSTAIRS",0.02150285076,0.4844266194,0.077280178682,-0.30299167256,-0.8067865618,-0.129374956454,0.28061720292,0.9467972718,0.1539063202,0.02150285076,0.4844266194,0.077280178682,-0.30299167256,-0.8067865618,0.038596672354,0.18827643134,-0.10058123824,0.05365144942
"156","26","WALKING_UPSTAIRS",0.0899715386363636,0.477518528,-0.175437877490909,-0.651347121818182,-0.821772315272727,0.0559758229018182,-0.101605681534545,0.942095257090909,-0.00199310572363636,0.0899715386363636,0.477518528,-0.175437877490909,-0.651347121818182,-0.821772315272727,-0.187616367672727,0.241369292709091,-0.279172918454545,0.182482072153818
"157","27","LAYING",0.685530590675676,0.839478614324324,-0.981947611216216,-0.998905182837838,-0.999746313783784,-0.0263348111601351,-0.154639840469459,-0.530434604864865,0.84539238027027,0.685530590675676,0.839478614324324,-0.981947611216216,-0.998905182837838,-0.999746313783784,-0.0397270134778378,0.245279165985135,0.264235323201351,-0.129435176110811
"158","27","SITTING",0.684785659857143,0.835284553857143,-0.977923071714286,-0.999416400857143,-0.998915031857143,-0.0860380791514286,-0.387810923071429,0.839464714,0.276417431042857,0.684785659857143,0.835284553857143,-0.977923071714286,-0.999416400857143,-0.998915031857143,0.0339236445625714,0.0986702957028571,0.190819394558571,-0.125954706204286
"159","27","STANDING",0.672452673875,0.82848649125,-0.97296205675,-0.999815797875,-0.99831743375,-0.0588920152525,-0.04668812505775,0.965351492,-0.00557416876082625,0.672452673875,0.82848649125,-0.97296205675,-0.999815797875,-0.99831743375,0.132024064025,0.12602081796,0.10667228644375,-0.070231549375025
"160","27","WALKING",0.224033399368421,0.390896408421053,-0.238238820877193,-0.784857880701754,-0.870730912807018,-0.298844153649123,-0.0240527256350877,0.944759287368421,-0.126210937305263,0.224033399368421,0.390896408421053,-0.238238820877193,-0.784857880701754,-0.870730912807018,0.0419113540578947,0.0955120350877193,-0.080649524377193,0.16544799607193
"161","27","WALKING_DOWNSTAIRS",0.0418871394318182,0.195379390186818,0.0646974382725,-0.309566205886364,-0.838450869090909,0.133705859727273,-0.440644389977273,0.931380178636364,-0.140047614122727,0.0418871394318182,0.195379390186818,0.0646974382725,-0.309566205886364,-0.838450869090909,-0.259298000279091,0.363731348527273,-0.159208729004545,0.207602070813636
"162","27","WALKING_UPSTAIRS",0.200138406901961,0.345294684666667,-0.155500775823529,-0.74857179627451,-0.839880257647059,0.211455631413726,-0.451851862156863,0.868000278627451,-0.294642640196078,0.200138406901961,0.345294684666667,-0.155500775823529,-0.74857179627451,-0.839880257647059,-0.218920922941176,0.248059117588235,-0.232993017333333,0.164148150188235
"163","28","LAYING",0.674430740625,0.815688146875,-0.95587046625,-0.998644113375,-0.997940534,-0.05852387192125,-0.37583380714375,-0.490334541875,0.0157570025,0.674430740625,0.815688146875,-0.95587046625,-0.998644113375,-0.997940534,0.04275561098825,-0.05460189706375,0.13071650803625,-0.140778243935
"164","28","SITTING",0.664375254861111,0.811493229305556,-0.955870212361111,-0.999630937777778,-0.99805715375,-0.0370641259152778,-0.303545767773611,0.907331309166667,0.135402566816667,0.664375254861111,0.811493229305556,-0.955870212361111,-0.999630937777778,-0.99805715375,0.039248897375,0.0368522921188472,-0.0276149100541667,0.0120098346902778
"165","28","STANDING",0.631741844303797,0.799736723164557,-0.927858306455696,-0.99941455164557,-0.992621144936709,-0.0314200875136709,-0.193807570450633,0.948514848481013,-0.0385830501632911,0.631741844303797,0.799736723164557,-0.927858306455696,-0.99941455164557,-0.992621144936709,0.0374550547037975,0.107527485108861,-0.12599998165443,0.041898123891519
"166","28","WALKING",0.0616296568518519,0.39459178462963,-0.185380085464815,-0.743890409074074,-0.847291817222222,-0.010916630417037,0.0459818617516667,0.942930275555556,-0.125912861222222,0.0616296568518519,0.39459178462963,-0.185380085464815,-0.743890409074074,-0.847291817222222,-0.0690662081148148,0.112053575935185,-0.219645611888889,0.144713844331481
"167","28","WALKING_DOWNSTAIRS",-0.0917020892055652,0.232051143495652,0.0796907075391304,-0.355527043086957,-0.735177178043478,-0.0313392215195652,-0.295346230691304,0.929291680434783,-0.121477255782609,-0.0917020892055652,0.232051143495652,0.0796907075391304,-0.355527043086957,-0.735177178043478,-0.202474524652174,0.338130143652174,-0.124651300367391,0.0955651501521739
"168","28","WALKING_UPSTAIRS",0.0631261381843137,0.299251687215686,-0.202373290784314,-0.708384109215686,-0.854880820588235,0.0935089254078431,-0.376027738137255,0.854508231764706,-0.265207858431373,0.0631261381843137,0.299251687215686,-0.202373290784314,-0.708384109215686,-0.854880820588235,-0.193548710732941,0.218430506,-0.229099372403922,0.188492262384314
"169","29","LAYING",0.690440666666667,0.839760828405797,-0.986450027391304,-0.998897941594203,-0.999897310869565,0.00965592381449275,-0.00206986973478261,-0.346789842753623,0.590452224057971,0.690440666666667,0.839760828405797,-0.986450027391304,-0.998897941594203,-0.999897310869565,0.0349242096289855,0.273618809927536,0.355273012318841,-0.163476033289855
"170","29","SITTING",0.680884674,0.828878391666667,-0.977833372833333,-0.999717983,-0.998206785833333,-0.081923488315,-0.3339517032,0.891563755166667,0.286256063666667,0.680884674,0.828878391666667,-0.977833372833333,-0.999717983,-0.998206785833333,0.0621577676705,0.101638713651667,0.165832121016667,-0.094570790975
"171","29","STANDING",0.680299602769231,0.838020800769231,-0.984734133846154,-0.999959091692308,-0.999464946615385,-0.0794587110841539,-0.0995168967461538,0.974508732,0.0316145849747692,0.680299602769231,0.838020800769231,-0.984734133846154,-0.999959091692308,-0.999464946615385,0.139646344016923,0.0950821960676923,0.137497086144615,-0.161986867369231
"172","29","WALKING",0.047448511354717,0.449238293773585,-0.107202992741509,-0.655260267169811,-0.838685424339623,0.159411731132075,0.0490596992532076,0.96237438509434,0.0955792142264151,0.047448511354717,0.449238293773585,-0.107202992741509,-0.655260267169811,-0.838685424339623,-0.18272113699434,0.35863746245283,0.0475667316981132,0.0696665539471698
"173","29","WALKING_DOWNSTAIRS",0.0266817231291667,0.300291318083333,0.05444951305,-0.312276339645833,-0.845232147708333,-0.0496097909708333,0.0440386439229167,0.948486215,0.0919650454166667,0.0266817231291667,0.300291318083333,0.05444951305,-0.312276339645833,-0.845232147708333,-0.113279109777083,0.276179173054167,-0.0232533117291667,0.137662152283333
"174","29","WALKING_UPSTAIRS",0.225192328081633,0.36430448877551,0.0172555388938775,-0.578434834285714,-0.845311026938775,0.290333016883673,-0.0935931636489796,0.929258953877551,0.0443786011771429,0.225192328081633,0.36430448877551,0.0172555388938775,-0.578434834285714,-0.845311026938775,-0.253793192102041,0.193373480810204,-0.205247878265306,0.13348741555
"175","30","LAYING",0.668577032285714,0.826070199428571,-0.968549215142857,-0.999197864285714,-0.998307791285714,0.0316561134544286,-0.249429070822857,-0.344737755285714,0.681459210714286,0.668577032285714,0.826070199428571,-0.968549215142857,-0.999197864285714,-0.998307791285714,0.0181294436714286,0.166962149691429,0.133443207146429,-0.106627634968571
"176","30","SITTING",0.678703138064516,0.829097562096774,-0.955432971774194,-0.998502615,-0.992221584032258,-0.0593667873437097,-0.328286938903226,0.825473836935484,0.34476602,0.678703138064516,0.829097562096774,-0.955432971774194,-0.998502615,-0.992221584032258,0.0485797537790323,0.129281266546774,0.0635161146129032,-0.0688460929433871
"177","30","STANDING",0.639197401186441,0.791544264237288,-0.933713444067797,-0.999324073050847,-0.995133468644068,-0.058769266340678,-0.203036247532203,0.968556705084746,0.0243044362542373,0.639197401186441,0.791544264237288,-0.933713444067797,-0.999324073050847,-0.995133468644068,0.0410732343847458,0.22853718462,-0.0387789548237288,-0.0815623712271186
"178","30","WALKING",0.241928025723077,0.303823459261538,-0.198352361046154,-0.782038938,-0.866235588307692,-0.062022867992,-0.119317219147231,0.965217551076923,-0.00392556384476923,0.241928025723077,0.303823459261538,-0.198352361046154,-0.782038938,-0.866235588307692,-0.240248621398462,0.291406553213846,-0.123692559230769,0.121882134109231
"179","30","WALKING_DOWNSTAIRS",-0.0260919913483871,0.290786255645161,-0.0289001171403226,-0.541066490983871,-0.811794852741936,0.0243648864370968,-0.132123993206452,0.958000491451613,0.0288081674653226,-0.0260919913483871,0.290786255645161,-0.0289001171403226,-0.541066490983871,-0.811794852741936,-0.177327224758065,0.323465092564516,-0.203457578227097,0.174238043593548
"180","30","WALKING_UPSTAIRS",0.263152474769231,0.359866608,-0.121541361862462,-0.782060978153846,-0.846406999384615,0.20049272356,-0.2411540259,0.93182983,-0.0221401100714154,0.263152474769231,0.359866608,-0.121541361862462,-0.782060978153846,-0.846406999384615,-0.152182128918462,0.140330553733846,-0.336484919149231,0.213182463938462
